0,Status.VERIFIED, tree size:,1, time:,12.339028120040894, visited nodes,0
Average time:,12.339028120040894, Average tree size,1.0
{<Status.VERIFIED: 1>: 1}
0,Status.VERIFIED, tree size:,1, time:,9.79172158241272, visited nodes,0
Average time:,9.79172158241272, Average tree size,1.0
{<Status.VERIFIED: 1>: 1}
0,Status.VERIFIED, tree size:,1, time:,9.996303796768188, visited nodes,0
Average time:,9.996303796768188, Average tree size,1.0
{<Status.VERIFIED: 1>: 1}
0,Status.VERIFIED, tree size:,1, time:,10.017884254455566, visited nodes,0
Average time:,10.017884254455566, Average tree size,1.0
{<Status.VERIFIED: 1>: 1}
